placed_at_utc,home_team,away_team,market,selection,decimal_odds,model_p,stake
2026-06-10T23:56:57+00:00,Mexico,South Africa,O/U 2.5,over,2.2199999999999998,0.466180461865261,7.16
2026-06-10T23:56:57+00:00,Mexico,South Africa,1X2,home,1.4,0.798331417038021,73.54
2026-06-11T17:18:33+00:00,South Korea,Czech Republic,1X2,home,2.6,0.4275409423696555,17.44
2026-06-13T18:50:33+00:00,Qatar,Switzerland,O/U 2.5,under,2.2199999999999998,0.5145139426629335,29.14
2026-06-13T21:11:44+00:00,Brazil,Morocco,1X2,away,5.7,0.2712767678465073,29.06
2026-06-13T21:12:21+00:00,Brazil,Morocco,O/U 2.5,under,1.7142857142857144,0.6107253347442656,16.44
2026-06-14T01:02:41+00:00,Haiti,Scotland,Correct score,1-1,9.0,0.13178656036226338,5.81
2026-06-14T01:03:11+00:00,Haiti,Scotland,O/U 2.5,under,2.05,0.5222671299941297,16.82
2026-06-15T15:20:32+00:00,Belgium,Egypt,1X2,home,1.5714285714285714,0.6466366867206048,7.06
